variavel,melhor_lag,correlacao
delta_ipca,4,-0.11953393386807426
delta_selic,1,-0.13758595441252228
ibc_var,2,-0.14317252405985167
var_dolar,0,-0.5811197691825896
